{"data_time": 0.021020216000124492, "eta_seconds": 47611.229428294566, "fast_rcnn/cls_accuracy": 0.9768880208333333, "fast_rcnn/false_negative": 0.11477506279972596, "fast_rcnn/fg_cls_accuracy": 0.8852249372002741, "iteration": 19, "loss_box_reg": 0.1259104311466217, "loss_cls": 0.05548009276390076, "loss_rpn_cls": 0.012864415533840656, "loss_rpn_loc": 0.2536594495177269, "lr": 4.99525e-05, "roi_head/num_bg_samples": 462.0, "roi_head/num_fg_samples": 50.0, "rpn/num_neg_anchors": 128.0, "rpn/num_pos_anchors": 128.0, "time": 0.7937850855000761, "total_loss": 0.42711940221488476}
{"data_time": 0.019305768000322132, "eta_seconds": 47429.65309735561, "fast_rcnn/cls_accuracy": 0.9733072916666666, "fast_rcnn/false_negative": 0.1377538185085355, "fast_rcnn/fg_cls_accuracy": 0.8622461814914646, "iteration": 39, "loss_box_reg": 0.13895250856876373, "loss_cls": 0.0588404256850481, "loss_rpn_cls": 0.011563503183424473, "loss_rpn_loc": 0.16029362380504608, "lr": 9.990249999999999e-05, "roi_head/num_bg_samples": 458.5, "roi_head/num_fg_samples": 53.5, "rpn/num_neg_anchors": 128.0, "rpn/num_pos_anchors": 128.0, "time": 0.7833155719999922, "total_loss": 0.3763426330406219}
{"data_time": 0.017209466000167595, "eta_seconds": 47767.89680744869, "fast_rcnn/cls_accuracy": 0.9794921875, "fast_rcnn/false_negative": 0.1182983682983683, "fast_rcnn/fg_cls_accuracy": 0.8817016317016317, "iteration": 59, "loss_box_reg": 0.12268805503845215, "loss_cls": 0.05065727420151234, "loss_rpn_cls": 0.009873149450868368, "loss_rpn_loc": 0.12453342229127884, "lr": 0.0001498525, "roi_head/num_bg_samples": 457.0, "roi_head/num_fg_samples": 55.0, "rpn/num_neg_anchors": 128.0, "rpn/num_pos_anchors": 128.0, "time": 0.8126575175001562, "total_loss": 0.3103021034039557}
{"data_time": 0.011450753999724839, "eta_seconds": 47904.09107204203, "fast_rcnn/cls_accuracy": 0.9798177083333334, "fast_rcnn/false_negative": 0.09680985984195636, "fast_rcnn/fg_cls_accuracy": 0.9031901401580437, "iteration": 79, "loss_box_reg": 0.11501295492053032, "loss_cls": 0.04651123285293579, "loss_rpn_cls": 0.0103956270031631, "loss_rpn_loc": 0.11395400390028954, "lr": 0.00019980250000000002, "roi_head/num_bg_samples": 455.3333333333333, "roi_head/num_fg_samples": 56.666666666666664, "rpn/num_neg_anchors": 128.0, "rpn/num_pos_anchors": 128.0, "time": 0.8150295294999523, "total_loss": 0.28742050332948565}
{"data_time": 0.01638776450045043, "eta_seconds": 47868.74318064529, "fast_rcnn/cls_accuracy": 0.984375, "fast_rcnn/false_negative": 0.08356610800744879, "fast_rcnn/fg_cls_accuracy": 0.9164338919925512, "iteration": 99, "loss_box_reg": 0.09831349924206734, "loss_cls": 0.04217691533267498, "loss_rpn_cls": 0.007298755692318082, "loss_rpn_loc": 0.10144428163766861, "lr": 0.0002497525, "roi_head/num_bg_samples": 452.0, "roi_head/num_fg_samples": 60.0, "rpn/num_neg_anchors": 128.0, "rpn/num_pos_anchors": 128.0, "time": 0.7962827595001727, "total_loss": 0.252759748371318}
{"data_time": 0.017928074499650393, "eta_seconds": 47892.42591457142, "fast_rcnn/cls_accuracy": 0.9814453125, "fast_rcnn/false_negative": 0.07910614525139664, "fast_rcnn/fg_cls_accuracy": 0.9208938547486034, "iteration": 119, "loss_box_reg": 0.0938599742949009, "loss_cls": 0.044427014887332916, "loss_rpn_cls": 0.010054962243884802, "loss_rpn_loc": 0.09511422365903854, "lr": 0.00029970250000000006, "roi_head/num_bg_samples": 451.5, "roi_head/num_fg_samples": 60.5, "rpn/num_neg_anchors": 128.0, "rpn/num_pos_anchors": 128.0, "time": 0.8029156739999053, "total_loss": 0.24342671362683177}
{"data_time": 0.01757776900058161, "eta_seconds": 47836.77740890529, "fast_rcnn/cls_accuracy": 0.9820963541666667, "fast_rcnn/false_negative": 0.07419315883223138, "fast_rcnn/fg_cls_accuracy": 0.9258068411677687, "iteration": 139, "loss_box_reg": 0.07463620603084564, "loss_cls": 0.04161216504871845, "loss_rpn_cls": 0.01168643357232213, "loss_rpn_loc": 0.08709901943802834, "lr": 0.00034965249999999995, "roi_head/num_bg_samples": 450.66666666666663, "roi_head/num_fg_samples": 61.33333333333333, "rpn/num_neg_anchors": 128.0, "rpn/num_pos_anchors": 128.0, "time": 0.7890254859999004, "total_loss": 0.21363637736067176}
{"data_time": 0.012353106500086142, "eta_seconds": 47860.433646091406, "fast_rcnn/cls_accuracy": 0.9827473958333333, "fast_rcnn/false_negative": 0.06976576887661141, "fast_rcnn/fg_cls_accuracy": 0.9302342311233885, "iteration": 159, "loss_box_reg": 0.06736690551042557, "loss_cls": 0.041876597329974174, "loss_rpn_cls": 0.00845331884920597, "loss_rpn_loc": 0.08109024912118912, "lr": 0.00039960250000000005, "roi_head/num_bg_samples": 449.33333333333337, "roi_head/num_fg_samples": 62.66666666666667, "rpn/num_neg_anchors": 128.0, "rpn/num_pos_anchors": 128.0, "time": 0.8015073874998961, "total_loss": 0.19761824142187834}
{"data_time": 0.017452766000133124, "eta_seconds": 47810.65407709713, "fast_rcnn/cls_accuracy": 0.9886067708333333, "fast_rcnn/false_negative": 0.041025641025641026, "fast_rcnn/fg_cls_accuracy": 0.958974358974359, "iteration": 179, "loss_box_reg": 0.06108022853732109, "loss_cls": 0.034996332600712776, "loss_rpn_cls": 0.006725201150402427, "loss_rpn_loc": 0.07646310329437256, "lr": 0.00044955250000000004, "roi_head/num_bg_samples": 447.3333333333333, "roi_head/num_fg_samples": 64.66666666666667, "rpn/num_neg_anchors": 128.0, "rpn/num_pos_anchors": 128.0, "time": 0.7931495385000744, "total_loss": 0.18056025728583336}
{"data_time": 0.012261561500054086, "eta_seconds": 47718.33411928374, "fast_rcnn/cls_accuracy": 0.9899088541666667, "fast_rcnn/false_negative": 0.029367816091954022, "fast_rcnn/fg_cls_accuracy": 0.970632183908046, "iteration": 199, "loss_box_reg": 0.051193417981266975, "loss_cls": 0.03294161520898342, "loss_rpn_cls": 0.007365015801042318, "loss_rpn_loc": 0.07298147678375244, "lr": 0.0004995024999999999, "roi_head/num_bg_samples": 450.3333333333333, "roi_head/num_fg_samples": 61.666666666666664, "rpn/num_neg_anchors": 128.0, "rpn/num_pos_anchors": 128.0, "time": 0.7624089255000399, "total_loss": 0.16592200263403356}
{"eta_seconds": 47749.61490124547, "fast_rcnn/cls_accuracy": 0.9912109375, "fast_rcnn/false_negative": 0.03087301587301587, "fast_rcnn/fg_cls_accuracy": 0.9691269841269841, "iteration": 206, "roi_head/num_bg_samples": 451.33333333333337, "roi_head/num_fg_samples": 60.66666666666667, "rpn/num_neg_anchors": 128.0, "rpn/num_pos_anchors": 128.0}
{"data_time": 0.014740935499958141, "iteration": 205, "loss_box_reg": 0.04798321798443794, "loss_cls": 0.03166051581501961, "loss_rpn_cls": 0.0071495219599455595, "loss_rpn_loc": 0.06922851502895355, "lr": 0.0005144875000000001, "time": 0.7966434985000888, "total_loss": 0.15580082591623068}
