{"data_time": 0.01836214300010397, "eta_seconds": 62806.6318152145, "fast_rcnn/cls_accuracy": 0.9850260416666667, "fast_rcnn/false_negative": 0.8809523809523809, "fast_rcnn/fg_cls_accuracy": 0.11904761904761904, "iteration": 19, "loss_box_reg": 0.0007658045215066522, "loss_cls": 0.20318883657455444, "loss_rpn_cls": 0.6842904388904572, "loss_rpn_loc": 0.087665144354105, "lr": 4.99525e-05, "roi_head/num_bg_samples": 505.0, "roi_head/num_fg_samples": 7.0, "rpn/num_neg_anchors": 227.83333333333331, "rpn/num_pos_anchors": 28.166666666666664, "time": 1.0471262389999083, "total_loss": 1.1697852297511417}
{"data_time": 0.018971890999864627, "eta_seconds": 63890.480381696114, "fast_rcnn/cls_accuracy": 0.9860026041666667, "fast_rcnn/false_negative": 1.0, "fast_rcnn/fg_cls_accuracy": 0.0, "iteration": 39, "loss_box_reg": 0.0019499313784763217, "loss_cls": 0.047469258308410645, "loss_rpn_cls": 0.6260315477848053, "loss_rpn_loc": 0.08739548176527023, "lr": 9.990249999999999e-05, "roi_head/num_bg_samples": 504.83333333333337, "roi_head/num_fg_samples": 7.166666666666666, "rpn/num_neg_anchors": 227.16666666666669, "rpn/num_pos_anchors": 28.833333333333336, "time": 1.0784470789999432, "total_loss": 0.791639607748948}
{"eta_seconds": 63889.414829988615, "fast_rcnn/cls_accuracy": 0.9853515625, "fast_rcnn/false_negative": 1.0, "fast_rcnn/fg_cls_accuracy": 0.0, "iteration": 40, "roi_head/num_bg_samples": 504.5, "roi_head/num_fg_samples": 7.5, "rpn/num_neg_anchors": 225.66666666666669, "rpn/num_pos_anchors": 30.333333333333336}
