{"data_time": 0.021230588499975056, "eta_seconds": 66387.99388979295, "fast_rcnn/cls_accuracy": 0.9840494791666667, "fast_rcnn/false_negative": 0.06698653315717498, "fast_rcnn/fg_cls_accuracy": 0.933013466842825, "iteration": 19, "loss_box_reg": 0.1296185776591301, "loss_cls": 0.040920332074165344, "loss_rpn_cls": 0.005403073038905859, "loss_rpn_loc": 0.047159284353256226, "lr": 4.99525e-05, "roi_head/num_bg_samples": 444.83333333333337, "roi_head/num_fg_samples": 67.16666666666666, "rpn/num_neg_anchors": 222.83333333333331, "rpn/num_pos_anchors": 33.16666666666667, "time": 1.1068355099998826, "total_loss": 0.24287798022851348}
{"data_time": 0.012501251000003322, "eta_seconds": 69115.28031805866, "fast_rcnn/cls_accuracy": 0.9820963541666667, "fast_rcnn/false_negative": 0.07816985645933014, "fast_rcnn/fg_cls_accuracy": 0.9218301435406699, "iteration": 39, "loss_box_reg": 0.1340704709291458, "loss_cls": 0.041826628148555756, "loss_rpn_cls": 0.004293816164135933, "loss_rpn_loc": 0.031821358948946, "lr": 9.990249999999999e-05, "roi_head/num_bg_samples": 443.0, "roi_head/num_fg_samples": 69.0, "rpn/num_neg_anchors": 226.33333333333334, "rpn/num_pos_anchors": 29.666666666666668, "time": 1.184604909499967, "total_loss": 0.2309525990858674}
{"data_time": 0.019441309499825365, "eta_seconds": 70896.08833461595, "fast_rcnn/cls_accuracy": 0.9856770833333333, "fast_rcnn/false_negative": 0.04072731740278887, "fast_rcnn/fg_cls_accuracy": 0.9592726825972111, "iteration": 59, "loss_box_reg": 0.11565815284848213, "loss_cls": 0.03602820076048374, "loss_rpn_cls": 0.005199040053412318, "loss_rpn_loc": 0.02786433231085539, "lr": 0.0001498525, "roi_head/num_bg_samples": 441.0, "roi_head/num_fg_samples": 71.0, "rpn/num_neg_anchors": 225.66666666666669, "rpn/num_pos_anchors": 30.333333333333336, "time": 1.23439650000023, "total_loss": 0.21308663312811404}
{"data_time": 0.017276357500122685, "eta_seconds": 71943.15472399344, "fast_rcnn/cls_accuracy": 0.9830729166666666, "fast_rcnn/false_negative": 0.050254647313470846, "fast_rcnn/fg_cls_accuracy": 0.9497453526865292, "iteration": 79, "loss_box_reg": 0.1153465136885643, "loss_cls": 0.04091783054172993, "loss_rpn_cls": 0.004819579655304551, "loss_rpn_loc": 0.02743744570761919, "lr": 0.00019980250000000002, "roi_head/num_bg_samples": 444.5, "roi_head/num_fg_samples": 67.5, "rpn/num_neg_anchors": 225.5, "rpn/num_pos_anchors": 30.5, "time": 1.223458849500048, "total_loss": 0.19245649548247457}
{"data_time": 0.01571877850005876, "eta_seconds": 71919.14165499345, "fast_rcnn/cls_accuracy": 0.9856770833333334, "fast_rcnn/false_negative": 0.041210239036325994, "fast_rcnn/fg_cls_accuracy": 0.958789760963674, "iteration": 99, "loss_box_reg": 0.10406342148780823, "loss_cls": 0.036859093233942986, "loss_rpn_cls": 0.0024562643375247717, "loss_rpn_loc": 0.02648212295025587, "lr": 0.0002497525, "roi_head/num_bg_samples": 444.16666666666663, "roi_head/num_fg_samples": 67.83333333333334, "rpn/num_neg_anchors": 225.0, "rpn/num_pos_anchors": 31.0, "time": 1.2026501259999804, "total_loss": 0.17038191691972315}
{"data_time": 0.013576610500194874, "eta_seconds": 71877.23587314652, "fast_rcnn/cls_accuracy": 0.9876302083333334, "fast_rcnn/false_negative": 0.038442408376963354, "fast_rcnn/fg_cls_accuracy": 0.9615575916230366, "iteration": 119, "loss_box_reg": 0.09932824596762657, "loss_cls": 0.03272666875272989, "loss_rpn_cls": 0.00197261746507138, "loss_rpn_loc": 0.021385004743933678, "lr": 0.00029970250000000006, "roi_head/num_bg_samples": 444.0, "roi_head/num_fg_samples": 68.0, "rpn/num_neg_anchors": 228.33333333333331, "rpn/num_pos_anchors": 27.666666666666664, "time": 1.2003546405001089, "total_loss": 0.15794728742912412}
{"eta_seconds": 71689.56768683008, "fast_rcnn/cls_accuracy": 0.9869791666666666, "fast_rcnn/false_negative": 0.038237327188940094, "fast_rcnn/fg_cls_accuracy": 0.9617626728110599, "iteration": 133, "roi_head/num_bg_samples": 444.16666666666663, "roi_head/num_fg_samples": 67.83333333333334, "rpn/num_neg_anchors": 227.83333333333334, "rpn/num_pos_anchors": 28.166666666666668}
{"data_time": 0.014671474499891701, "iteration": 132, "loss_box_reg": 0.11752136796712875, "loss_cls": 0.035112373530864716, "loss_rpn_cls": 0.004391846479848027, "loss_rpn_loc": 0.021352600306272507, "lr": 0.00033217000000000007, "time": 1.0782632690002174, "total_loss": 0.18150227202568203}
{"data_time": 0.020057073999851127, "eta_seconds": 72741.81261399295, "fast_rcnn/cls_accuracy": 0.98046875, "fast_rcnn/false_negative": 0.06409110035766885, "fast_rcnn/fg_cls_accuracy": 0.9359088996423311, "iteration": 19, "loss_box_reg": 0.13405518233776093, "loss_cls": 0.04576260969042778, "loss_rpn_cls": 0.004837180953472853, "loss_rpn_loc": 0.035767387598752975, "lr": 4.99525e-05, "roi_head/num_bg_samples": 447.0, "roi_head/num_fg_samples": 65.0, "rpn/num_neg_anchors": 226.5, "rpn/num_pos_anchors": 29.5, "time": 1.2127677994997157, "total_loss": 0.23941436549648643}
{"data_time": 0.01657126600025549, "eta_seconds": 72321.00775070739, "fast_rcnn/cls_accuracy": 0.9847005208333333, "fast_rcnn/false_negative": 0.05895127536918582, "fast_rcnn/fg_cls_accuracy": 0.9410487246308141, "iteration": 39, "loss_box_reg": 0.11083933711051941, "loss_cls": 0.03715815208852291, "loss_rpn_cls": 0.0030363646801561117, "loss_rpn_loc": 0.0258463304489851, "lr": 9.990249999999999e-05, "roi_head/num_bg_samples": 443.5, "roi_head/num_fg_samples": 68.5, "rpn/num_neg_anchors": 230.0, "rpn/num_pos_anchors": 26.0, "time": 1.1962665734999973, "total_loss": 0.17744094762019813}
{"data_time": 0.01787745749993519, "eta_seconds": 71704.21841558984, "fast_rcnn/cls_accuracy": 0.9820963541666667, "fast_rcnn/false_negative": 0.059149307391350325, "fast_rcnn/fg_cls_accuracy": 0.9408506926086497, "iteration": 59, "loss_box_reg": 0.12108705937862396, "loss_cls": 0.04035292752087116, "loss_rpn_cls": 0.004889769712463021, "loss_rpn_loc": 0.04077844321727753, "lr": 0.0001498525, "roi_head/num_bg_samples": 446.5, "roi_head/num_fg_samples": 65.5, "rpn/num_neg_anchors": 222.66666666666669, "rpn/num_pos_anchors": 33.33333333333333, "time": 1.136193657999911, "total_loss": 0.2173575044143945}
{"data_time": 0.01787745749993519, "fast_rcnn/cls_accuracy": 0.9830729166666667, "fast_rcnn/false_negative": 0.059149307391350325, "fast_rcnn/fg_cls_accuracy": 0.9408506926086497, "iteration": 63, "loss_box_reg": 0.11127777025103569, "loss_cls": 0.04087015986442566, "loss_rpn_cls": 0.003988140029832721, "loss_rpn_loc": 0.01948735397309065, "lr": 0.0001598425, "roi_head/num_bg_samples": 446.6666666666667, "roi_head/num_fg_samples": 65.33333333333333, "rpn/num_neg_anchors": 228.83333333333331, "rpn/num_pos_anchors": 27.166666666666664, "time": 1.1189052605000143, "total_loss": 0.18247252772562206}
{"eta_seconds": 71698.23708272233, "iteration": 64}
{"data_time": 0.019032299500167937, "eta_seconds": 68702.91365259213, "fast_rcnn/cls_accuracy": 0.982421875, "fast_rcnn/false_negative": 0.05921998562185478, "fast_rcnn/fg_cls_accuracy": 0.9407800143781453, "iteration": 19, "loss_box_reg": 0.12334058433771133, "loss_cls": 0.04208553023636341, "loss_rpn_cls": 0.0035328147932887077, "loss_rpn_loc": 0.03226270526647568, "lr": 4.99525e-05, "roi_head/num_bg_samples": 446.5, "roi_head/num_fg_samples": 65.5, "rpn/num_neg_anchors": 225.66666666666669, "rpn/num_pos_anchors": 30.333333333333336, "time": 1.1454303710002023, "total_loss": 0.20194968464784324}
{"data_time": 0.018371734999846012, "eta_seconds": 72218.44880895008, "fast_rcnn/cls_accuracy": 0.98046875, "fast_rcnn/false_negative": 0.04960089661582199, "fast_rcnn/fg_cls_accuracy": 0.950399103384178, "iteration": 39, "loss_box_reg": 0.12014226615428925, "loss_cls": 0.04572226107120514, "loss_rpn_cls": 0.004179762210696936, "loss_rpn_loc": 0.03910301998257637, "lr": 9.990249999999999e-05, "roi_head/num_bg_samples": 445.16666666666663, "roi_head/num_fg_samples": 66.83333333333334, "rpn/num_neg_anchors": 220.16666666666669, "rpn/num_pos_anchors": 35.83333333333333,