{"data_time": 0.019839276999846334, "fast_rcnn/cls_accuracy": 0.9850260416666666, "fast_rcnn/false_negative": 0.046296296296296294, "fast_rcnn/fg_cls_accuracy": 0.9537037037037037, "iteration": 16, "loss_box_reg": 0.14660465717315674, "loss_cls": 0.03599240630865097, "loss_rpn_cls": 0.002717777853831649, "loss_rpn_loc": 0.026111481711268425, "lr": 4.246e-05, "roi_head/num_bg_samples": 440.0, "roi_head/num_fg_samples": 72.0, "rpn/num_neg_anchors": 228.66666666666666, "rpn/num_pos_anchors": 27.333333333333332, "time": 1.162445595000463, "total_loss": 0.20932047674432397}
{"eta_seconds": 69725.81167931778, "iteration": 17}
{"data_time": 0.020385770500524814, "eta_seconds": 45278.93474908266, "fast_rcnn/cls_accuracy": 0.9749348958333333, "fast_rcnn/false_negative": 0.11036721898790863, "fast_rcnn/fg_cls_accuracy": 0.8896327810120914, "iteration": 19, "loss_box_reg": 0.12930820882320404, "loss_cls": 0.05503285676240921, "loss_rpn_cls": 0.010427945293486118, "loss_rpn_loc": 0.24853765964508057, "lr": 4.99525e-05, "roi_head/num_bg_samples": 462.5, "roi_head/num_fg_samples": 49.5, "rpn/num_neg_anchors": 128.0, "rpn/num_pos_anchors": 128.0, "time": 0.7549005460000444, "total_loss": 0.43189498828724027}
{"data_time": 0.020385770500524814, "fast_rcnn/cls_accuracy": 0.9752604166666666, "fast_rcnn/false_negative": 0.11036721898790863, "fast_rcnn/fg_cls_accuracy": 0.8896327810120914, "iteration": 21, "loss_box_reg": 0.12930820882320404, "loss_cls": 0.05683751031756401, "loss_rpn_cls": 0.010617528110742569, "loss_rpn_loc": 0.22185473144054413, "lr": 5.494750000000001e-05, "roi_head/num_bg_samples": 461.5, "roi_head/num_fg_samples": 50.5, "rpn/num_neg_anchors": 128.0, "rpn/num_pos_anchors": 128.0, "time": 0.7549005460000444, "total_loss": 0.4078976463060826}
{"eta_seconds": 45276.67004744466, "iteration": 22}
